{
  "version": "7",
  "dialect": "mysql",
  "entries": [
    {
      "idx": 0,
      "version": "5",
      "when": 1769680472766,
      "tag": "0000_fixed_pyro",
      "breakpoints": true
    },
    {
      "idx": 1,
      "version": "5",
      "when": 1769680941144,
      "tag": "0001_fearless_tusk",
      "breakpoints": true
    },
    {
      "idx": 2,
      "version": "5",
      "when": 1769683628646,
      "tag": "0002_breezy_gauntlet",
      "breakpoints": true
    },
    {
      "idx": 3,
      "version": "5",
      "when": 1769684574457,
      "tag": "0003_sharp_fat_cobra",
      "breakpoints": true
    }
  ]
}